<?xml version="1.0" encoding="UTF-8"?>
<feature
      id="com.jrockit.mc.feature.core"
      label="%name"
      version="5.5.2.174165"
      provider-name="%provider"
      plugin="com.jrockit.mc.ui">

   <description url="%descriptionUrl">
      %description
   </description>

   <copyright>
      %copyright
   </copyright>

   <license url="%licenseUrl">
      %license
   </license>

   <requires>
      <import plugin="org.eclipse.ui"/>
      <import plugin="org.eclipse.core.runtime"/>
      <import plugin="org.eclipse.ui.forms"/>
      <import plugin="org.eclipse.ui.views"/>
      <import plugin="org.eclipse.help"/>
      <import plugin="org.eclipse.help.ui"/>
      <import plugin="org.eclipse.help.webapp"/>
      <import plugin="org.eclipse.osgi"/>
      <import plugin="org.apache.commons.codec"/>
   </requires>

   <plugin
         id="com.jrockit.mc.attach"
         download-size="0"
         install-size="0"
         version="5.5.2.174165"
         unpack="false"/>

   <plugin
         id="com.jrockit.mc.browser"
         download-size="0"
         install-size="0"
         version="5.5.2.174165"
         unpack="false"/>

   <plugin
         id="com.jrockit.mc.common"
         download-size="0"
         install-size="0"
         version="5.5.2.174165"
         unpack="false"/>

   <plugin
         id="com.jrockit.mc.ui"
         download-size="0"
         install-size="0"
         version="5.5.2.174165"
         unpack="false"/>

   <plugin
         id="com.jrockit.mc.docs"
         download-size="0"
         install-size="0"
         version="5.5.2.174165"
         unpack="false"/>

   <plugin
         id="com.jrockit.mc.jdp"
         download-size="0"
         install-size="0"
         version="5.5.2.174165"
         unpack="false"/>

   <plugin
         id="com.jrockit.mc.rjmx"
         download-size="0"
         install-size="0"
         version="5.5.2.174165"/>

   <plugin
         id="com.jrockit.mc.greychartplugin"
         download-size="0"
         install-size="0"
         version="5.5.2.174165"
         unpack="false"/>

   <plugin
         id="com.jrockit.mc.browser.jdp"
         download-size="0"
         install-size="0"
         version="5.5.2.174165"
         unpack="false"/>

   <plugin
         id="com.jrockit.mc.browser.attach"
         download-size="0"
         install-size="0"
         version="5.5.2.174165"
         unpack="false"/>

   <plugin
         id="com.jrockit.mc.rjmx.ui"
         download-size="0"
         install-size="0"
         version="5.5.2.174165"
         unpack="false"/>

   <plugin
         id="com.jrockit.mc.commands"
         download-size="0"
         install-size="0"
         version="5.5.2.174165"
         unpack="false"/>

   <plugin
         id="com.jrockit.mc.core"
         download-size="0"
         install-size="0"
         version="5.5.2.174165"
         unpack="false"/>

   <plugin
         id="com.jrockit.mc.rjmx.ext"
         download-size="0"
         install-size="0"
         version="5.5.2.174165"
         fragment="true"
         unpack="false"/>

</feature>
